strategy,n_samples,n_features,n_classes,fit_time_s,query_time_ms,query_time_std_ms,repetitions,peak_memory_mb
activation_predicted_class,240,20,2,0.006074573999999888,1.8625993333333628,0.15984960876159737,5,0.30150794982910156
forest_proximity,240,20,2,0.04772306099999968,32.524808666666665,0.8024722379009277,5,0.4575166702270508
activation_predicted_class,240,20,3,0.00991248300000036,1.328516999999992,0.12080835640983462,5,0.4158802032470703
forest_proximity,240,20,3,0.041756243000000026,33.35351466666688,1.1759040797017368,5,0.4366273880004883
activation_predicted_class,240,20,5,0.013843583999999964,1.328593333333276,0.1468090051771973,5,0.5373706817626953
forest_proximity,240,20,5,0.04021020199999992,33.823655666666674,1.014736214393873,5,0.4280204772949219
activation_predicted_class,240,40,2,0.00532471000000001,1.3882100000000008,0.12493771791758021,5,0.4060192108154297
forest_proximity,240,40,2,0.036404358000000414,33.7062683333332,1.3023866704952152,5,0.5206384658813477
activation_predicted_class,480,20,2,0.005365617999999905,1.4082410000000323,0.08870126647479466,5,0.5272655487060547
forest_proximity,480,20,2,0.04197036399999998,33.35852266666676,0.5907317398469889,5,0.6726493835449219
